Year,Date(s) conducted,Pollster,Client,Area,Sample size,Lab,Con,Ref,LD,Grn,SNP,PC,Others,Lead
2026,4– 6 Feb,Opinium [ 2 ] [ a ],The Observer,GB,"2,054",23%,16%,31%,10%,13%,2%,1%,3%,8
2026,4 Feb,Find Out Now [ 3 ],N/A,GB,"2,264",16%,18%,31%,11%,18%,2%,1%,3%,13
2026,1– 2 Feb,YouGov [ 4 ],The Times/Sky News,GB,"2,330",19%,18%,26%,14%,17%,3%,2%,2%,7
2025,31 Jan – 2 Feb,More in Common [ 5 ],N/A,GB,"2,005",21%,20%,30%,14%,10%,3%,1%,2%,9
2026,30 Jan – 1 Feb,Freshwater Strategy [ 6 ],City AM,GB,"1,250",17%,22%,30%,14%,14%,2%,–,1%,8
2026,28– 29 Jan,BMG Research [ 7 ],The i Paper,GB,"1,513",20%,17%,32%,11%,13%,3%,1%,3%,12
2026,28 Jan,Find Out Now [ 9 ],N/A,GB,"1,799",17%,17%,29%,11%,19%,3%,1%,3%,10
2026,22– 27 Jan,Ipsos [ 10 ],N/A,GB,"1,104",22%,19%,30%,12%,12%,2%,2%,1%,8
2026,25– 26 Jan,YouGov [ 11 ],The Times/Sky News,GB,"2,429",21%,17%,25%,14%,16%,3%,1%,2%,4
2025,23– 25 Jan,More in Common [ 12 ],N/A,GB,"2,016",22%,20%,29%,13%,10%,3%,1%,3%,7
2026,21– 23 Jan,Opinium [ 13 ],The Observer,GB,"2,050",22%,17%,31%,13%,11%,3%,1%,3%,9
2026,21 Jan,Find Out Now [ 14 ],N/A,GB,"1,385",14%,18%,32%,11%,17%,3%,1%,3%,14
2026,18– 19 Jan,YouGov [ 15 ],The Times/Sky News,GB,"2,335",19%,18%,24%,14%,17%,3%,1%,3%,5
2026,16– 19 Jan,Focaldata [ 16 ],N/A,GB,"1,585",21%,20%,26%,14%,10%,3%,1%,4%,5
2025,16– 19 Jan,More in Common [ 17 ],N/A,GB,"2,007",20%,21%,31%,13%,11%,2%,0%,1%,10
2025,15– 19 Jan,Lord Ashcroft Polls [ 18 ] [ b ] [ a ],N/A,GB,"5,448",18%,21%,25%,11%,18%,3%,1%,4%,4
2026,14 Jan,Find Out Now [ 20 ],N/A,GB,"1,592",15%,19%,28%,12%,18%,3%,1%,3%,9
2025,10– 13 Jan,More in Common [ 22 ],N/A,GB,"2,036",19%,21%,31%,12%,12%,2%,1%,2%,10
2026,11– 12 Jan,YouGov [ 23 ],The Times/Sky News,GB,"2,259",19%,20%,24%,16%,14%,4%,1%,2%,4
2026,9– 11 Jan,Freshwater Strategy [ 24 ],City AM,GB,"1,250",19%,19%,33%,11%,12%,2%,–,3%,14
2026,7– 9 Jan,Opinium [ 25 ],The Observer,GB,"2,050",20%,18%,31%,12%,13%,2%,1%,3%,11
2026,14 Dec – 9 Jan,YouGov [ 26 ],N/A,GB,"17,230",18%,19%,26%,14%,15%,3%,1%,2%,7
2026,7– 8 Jan,Find Out Now [ 27 ],N/A,GB,"2,422",15%,18%,32%,12%,17%,3%,1%,2%,14
2026,4– 5 Jan,YouGov [ 28 ],The Times/Sky News,GB,"2,343",17%,19%,26%,16%,15%,4%,1%,2%,7
2025,2– 5 Jan,More in Common [ 29 ],N/A,GB,"2,021",19%,23%,31%,12%,10%,2%,1%,2%,8
2025,31 Dec,Find Out Now [ 30 ],N/A,GB,"2,930",15%,17%,31%,12%,17%,3%,2%,4%,14
2025,24 Dec,Find Out Now [ 31 ],N/A,GB,"2,879",14%,18%,30%,12%,17%,3%,1%,4%,12
2025,19– 23 Dec,More in Common [ 32 ],N/A,GB,"2,026",21%,22%,28%,13%,9%,3%,1%,3%,6
2025,21– 22 Dec,YouGov [ 33 ],N/A,GB,"2,266",20%,19%,25%,15%,15%,3%,1%,2%,5
2025,16– 18 Dec,Deltapoll [ 34 ],The Mirror,GB,"1,997",20%,19%,30%,14%,10%,3%,1%,2%,10
2025,17 Dec,Find Out Now [ 35 ],N/A,GB,"1,909",14%,18%,33%,11%,17%,2%,1%,3%,15
2025,12– 16 Dec,More in Common [ 36 ],N/A,GB,"1,582",21%,20%,29%,12%,11%,3%,1%,3%,8
2025,27 Nov – 16 Dec,More in Common (MRP) [ 37 ],The Times,GB,"16,083",20%,21%,31%,11%,12%,3%,1%,2%,10
2025,14– 15 Dec,YouGov [ 38 ],N/A,GB,"2,322",18%,17%,28%,14%,17%,4%,1%,2%,10
2025,12– 15 Dec,Verian [ 39 ],N/A,GB,"1,427",18%,21%,27%,15%,13%,3%,1%,2%,6
2025,11– 15 Dec,Lord Ashcroft Polls [ 40 ] [ b ] [ a ],Mail on Sunday,GB,"5,196",18%,22%,25%,10%,19%,3%,1%,3%,3
2025,10– 12 Dec,Opinium [ 41 ],The Observer,GB,"2,053",20%,18%,31%,13%,12%,3%,1%,2%,11
2025,10 Dec,Find Out Now [ 42 ],N/A,GB,"2,363",14%,18%,30%,12%,18%,3%,1%,3%,12
2025,7– 8 Dec,YouGov [ 43 ],N/A,GB,"2,303",19%,18%,27%,14%,15%,3%,2%,2%,8
2025,4– 8 Dec,More in Common [ 44 ],N/A,GB,"2,009",20%,21%,30%,14%,10%,3%,0%,2%,9
2025,1– 8 Dec,Find Out Now/ Electoral Calculus [ 45 ] (MRP),PLMR,GB,"5,598",17%,21%,31%,11%,12%,3%,1%,4% YP 2% Other 2%,10
2025,3 Dec,Find Out Now [ 46 ],N/A,GB,"2,591",14%,20%,31%,11%,18%,3%,1%,3%,11
2025,30 Nov – 1 Dec,YouGov [ 47 ],N/A,GB,"2,366",19%,19%,26%,14%,16%,3%,1%,2%,7
2025,29 Nov – 1 Dec,J.L. Partners [ 48 ] [ a ],The Sun,GB,"1,537",22%,20%,29%,11%,10%,3%,1%,4%,7
2025,28 Nov – 1 Dec,More in Common [ 49 ],N/A,GB,"2,114",21%,21%,30%,13%,11%,2%,1%,1%,9
2025,28– 30 Nov,Freshwater Strategy [ 50 ],City AM,GB,"1,558",19%,20%,31%,15%,12%,2%,–,2%,11
2025,26– 28 Nov,Focaldata [ 51 ],N/A,GB,"1,343",20%,18%,29%,13%,12%,3%,1%,3%,9
2025,26– 28 Nov,Opinium [ 52 ],The Observer,GB,"2,050",21%,17%,31%,11%,13%,3%,1%,3%,10
2025,26– 27 Nov,BMG Research [ 53 ],The i Paper,GB,"1,548",22%,20%,30%,12%,12%,2%,1%,2%,8
2025,26 Nov,Find Out Now [ 54 ],N/A,GB,"2,555",15%,18%,31%,12%,17%,3%,1%,2%,13
2025,23– 24 Nov,YouGov [ 55 ],The Times/Sky News,GB,"2,399",19%,18%,25%,15%,16%,3%,1%,3%,6
2025,22– 24 Nov,More in Common [ 56 ],N/A,GB,"2,062",21%,19%,30%,14%,10%,3%,1%,3%,9
2025,19– 21 Nov,Opinium [ 57 ],The Observer,GB,"2,050",19%,17%,32%,13%,12%,3%,1%,3%,13
2025,18– 21 Nov,Focaldata [ 58 ],N/A,GB,"1,725",20%,20%,28%,13%,10%,3%,1%,4%,8
2025,19 Nov,Find Out Now [ 59 ],N/A,GB,"2,566",16%,17%,32%,11%,18%,2%,1%,3%,14
2025,16– 17 Nov,YouGov [ 61 ],The Times/Sky News,GB,"2,355",19%,17%,27%,13%,17%,3%,2%,2%,8
2025,14– 17 Nov,More in Common [ 62 ],N/A,GB,"2,052",20%,20%,30%,14%,11%,3%,1%,2%,10
2025,13– 17 Nov,Lord Ashcroft Polls [ 63 ] [ b ] [ a ],N/A,GB,"5,038",18%,20%,27%,11%,18%,2%,1%,3%,7
2025,12 Nov,Find Out Now [ 64 ],N/A,GB,"2,011",15%,16%,33%,11%,17%,3%,2%,3%,16
2025,9– 10 Nov,YouGov [ 65 ],The Times/Sky News,GB,"2,366",19%,18%,26%,14%,15%,3%,2%,3%,7
2025,7– 10 Nov,More in Common [ 66 ],N/A,GB,"2,011",20%,19%,31%,14%,12%,2%,1%,3%,11
2025,7– 9 Nov,Freshwater Strategy [ 67 ],City AM,GB,"1,250",17%,19%,32%,13%,13%,3%,–,3%,13
2025,5– 7 Nov,Opinium [ 68 ],The Observer,GB,"2,050",20%,17%,33%,12%,11%,3%,1%,3%,13
2025,5– 6 Nov,Find Out Now [ 69 ],N/A,GB,"2,717",15%,16%,33%,11%,18%,3%,1%,3%,15
2025,30 Oct – 5 Nov,Ipsos [ 70 ],N/A,GB,"1,148",18%,16%,33%,12%,15%,4%,1%,1%,15
2025,2– 3 Nov,YouGov [ 71 ],The Times/Sky News,GB,"2,376",20%,16%,27%,15%,16%,3%,1%,2%,7
2025,31 Oct – 3 Nov,More in Common [ 72 ],N/A,GB,"2,031",18%,19%,31%,13%,12%,2%,1%,3%,12
2025,31 Oct – 2 Nov,J.L. Partners [ 73 ] [ a ],The Sun,GB,"1,505",23%,17%,30%,12%,10%,3%,1%,5%,7
2025,29 Oct,Find Out Now [ 74 ],N/A,GB,"3,065",16%,16%,32%,12%,17%,2%,1%,3%,15
2025,26– 27 Oct,YouGov [ 75 ],The Times/Sky News,GB,"2,389",17%,17%,27%,15%,16%,3%,1%,3%,10
2025,24– 27 Oct,More in Common [ 76 ],N/A,GB,"2,030",21%,18%,33%,12%,11%,2%,1%,1%,12
2025,22– 24 Oct,Opinium [ 77 ],The Observer,GB,"2,030",20%,18%,30%,12%,12%,3%,1%,4%,10
2025,22 Oct,Find Out Now [ 79 ],N/A,GB,"2,635",16%,17%,32%,12%,15%,3%,1%,4%,15
2025,19– 20 Oct,YouGov [ 80 ],The Times/Sky News,GB,"2,396",20%,17%,26%,15%,15%,4%,1%,2%,6
2025,17– 20 Oct,More in Common [ 81 ],N/A,GB,"2,084",22%,19%,31%,13%,10%,2%,1%,2%,9
2025,16– 20 Oct,Lord Ashcroft Polls [ 82 ] [ b ] [ a ],N/A,GB,"5,038",19%,19%,28%,10%,17%,2%,1%,4%,9
2025,8– 17 Oct,Focaldata [ 83 ],N/A,GB,"2,057",21%,19%,30%,13%,9%,3%,1%,5%,9
2025,15 Oct,Find Out Now [ 84 ],N/A,GB,"2,705",15%,17%,32%,12%,15%,3%,1%,4%,15
2025,12– 13 Oct,YouGov [ 85 ],N/A,GB,"2,321",20%,17%,27%,16%,13%,3%,1%,3%,7
2025,10– 13 Oct,More in Common [ 86 ],N/A,GB,"2,004",22%,20%,30%,15%,9%,3%,0%,2%,8
2025,8– 10 Oct,Opinium [ 87 ],The Observer,GB,"2,050",22%,18%,32%,11%,10%,3%,1%,3%,10
2025,8 Oct,Find Out Now [ 88 ],N/A,GB,"2,668",17%,17%,32%,12%,15%,3%,1%,4%,15
2025,5– 6 Oct,YouGov [ 89 ],The Times / Sky News,GB,"2,333",20%,17%,27%,17%,12%,4%,1%,3%,7
2025,3– 6 Oct,More in Common [ 90 ],N/A,GB,"2,003",20%,19%,33%,14%,8%,3%,1%,3%,13
2025,3– 5 Oct,Freshwater Strategy [ 91 ],City AM,GB,"1,251",20%,18%,35%,14%,8%,3%,–,2%,15
2025,1– 3 Oct,Opinium [ 92 ],The Observer,GB,"2,050",21%,16%,34%,12%,10%,2%,1%,4%,13
2025,26 Sep – 3 Oct,J.L. Partners [ 93 ] [ a ],N/A,GB,"6,083",21%,19%,31%,13%,8%,3%,1%,4%,10
2025,1 Oct,Find Out Now [ 94 ],N/A,GB,"2,611",19%,14%,35%,12%,11%,3%,1%,4%,16
2025,19 Sep – 1 Oct,Focaldata [ 95 ],N/A,GB,"2,014",21%,20%,29%,14%,10%,2%,1%,4%,8
2025,28– 29 Sep,YouGov [ 96 ],The Times / Sky News,GB,"2,585",22%,16%,29%,15%,11%,3%,1%,3%,7
2025,26– 29 Sep,More in Common [ 97 ],N/A,GB,"1,562",20%,20%,30%,14%,8%,3%,0%,4%,10
2025,24– 26 Sep,Opinium [ 98 ],The Observer,GB,"2,050",22%,17%,32%,14%,7%,3%,1%,4%,10
2025,24 Sep,Find Out Now [ 100 ],N/A,GB,"2,665",17%,14%,33%,16%,12%,3%,1%,5%,16
2025,31 Aug – 24 Sep,YouGov [ 101 ] (MRP),The Times / Sky News,GB,"13,000",21%,17%,27%,15%,11%,3%,1%,5%,6
2025,21– 22 Sep,YouGov [ 102 ],The Times / Sky News,GB,"2,348",21%,16%,29%,14%,12%,3%,1%,4%,8
2025,19– 22 Sep,More in Common [ 103 ],N/A,GB,"2,055",25%,20%,28%,13%,8%,2%,0%,3%,3
2025,17– 19 Sep,Opinium [ 104 ],The Observer,GB,"2,050",22%,17%,31%,12%,10%,3%,1%,4%,9
2025,17– 18 Sep,Find Out Now [ 106 ],N/A,GB,"4,795",16%,16%,34%,13%,12%,3%,1%,5%,18
2025,11– 17 Sep,Ipsos [ 107 ],N/A,GB,"1,157",22%,14%,34%,12%,12%,2%,1%,3%,12
2025,14– 15 Sep,YouGov [ 108 ],The Times / Sky News,GB,"2,384",20%,17%,29%,15%,10%,3%,1%,4%,9
2025,12– 15 Sep,More in Common [ 109 ],N/A,GB,"2,037",22%,18%,31%,14%,8%,3%,1%,4%,9
2025,11– 15 Sep,Lord Ashcroft Polls [ 110 ] [ b ] [ a ],N/A,GB,"5,082",22%,20%,27%,10%,13%,2%,1%,6%,5
2025,8 Aug – 15 Sep,More in Common [ 111 ] (MRP),The Times [ 112 ],GB,"19,520",21%,19%,31%,15%,8%,2%,1%,4%,10
2025,10 Sep,Find Out Now [ 114 ],N/A,GB,"2,717",19%,15%,34%,12%,12%,2%,1%,6%,15
2025,7– 8 Sep,YouGov [ 115 ],The Times / Sky News,GB,"2,500",22%,17%,27%,15%,12%,3%,1%,3%,5
2025,5– 8 Sep,More in Common [ 116 ],N/A,GB,"2,106",21%,18%,32%,13%,8%,3%,1%,3%,11
2025,3– 5 Sep,Opinium [ 117 ],The Observer,GB,"2,050",23%,18%,30%,12%,10%,2%,1%,4%,7
2025,3 Sep,Find Out Now [ 119 ],N/A,GB,"2,576",19%,17%,32%,13%,11%,2%,1%,5%,13
2025,31 Aug – 1 Sep,YouGov [ 121 ],The Times/Sky News,GB,"2,523",20%,17%,29%,15%,10%,3%,1%,5%,9
2025,29 Aug – 1 Sep,More in Common [ 122 ],N/A,GB,"2,042",21%,18%,31%,13%,8%,3%,1%,6%,10
2025,29– 31 Aug,Freshwater Strategy [ 125 ],City AM,GB,"1,251",20%,17%,33%,15%,7%,3%,–,4%,13
2025,19– 31 Aug,J.L. Partners [ 126 ] [ a ],The Sun,GB,"2,118",22%,18%,32%,12%,7%,2%,1%,6%,10
2025,26– 28 Aug,BMG Research [ 127 ],The i Paper,GB,"1,504",20%,17%,35%,13%,7%,2%,1%,4%,15
2025,27 Aug,Find Out Now [ 128 ],N/A,GB,"2,538",18%,15%,34%,13%,10%,2%,1%,6%,16
2025,25– 26 Aug,YouGov [ 129 ],The Times/Sky News,GB,"2,439",20%,17%,28%,16%,11%,3%,1%,4%,8
2025,22– 26 Aug,More in Common [ 130 ],N/A,GB,"2,032",22%,18%,30%,14%,7%,3%,1%,5%,8
2025,20– 22 Aug,Opinium [ 131 ],The Observer,GB,"2,050",23%,17%,29%,14%,9%,3%,1%,5%,6
2025,20 Aug,Find Out Now [ 132 ],N/A,GB,"2,615",18%,17%,33%,12%,10%,3%,1%,6%,15
2025,15– 19 Aug,Focaldata [ 133 ],N/A,GB,"1,500",24%,18%,29%,14%,8%,2%,1%,4%,5
2025,17– 18 Aug,YouGov [ 134 ],The Times/Sky News,GB,"2,394",21%,18%,28%,15%,10%,3%,1%,4%,7
2025,15– 18 Aug,More in Common [ 135 ],N/A,GB,"2,000",21%,20%,30%,13%,8%,3%,1%,5%,9
2025,14– 18 Aug,Lord Ashcroft Polls [ 136 ] [ b ] [ a ],N/A,GB,"5,029",23%,20%,27%,10%,11%,2%,1%,7%,4
2025,13– 14 Aug,Find Out Now [ 137 ],N/A,GB,"2,513",19%,19%,31%,12%,10%,3%,1%,6%,12
2025,10– 11 Aug,YouGov [ 138 ],The Times/Sky News,GB,"2,501",21%,17%,28%,16%,10%,3%,1%,5%,7
2025,8– 11 Aug,More in Common [ 139 ],N/A,GB,"2,015",22%,22%,30%,13%,6%,2%,0%,4%,8
2025,6– 8 Aug,Opinium [ 140 ],The Observer,GB,"2,050",22%,17%,31%,13%,9%,3%,1%,4%,9
2025,6 Aug,Find Out Now [ 141 ],N/A,GB,"2,627",20%,16%,32%,12%,9%,2%,1%,7%,12
2025,3– 4 Aug,YouGov [ 142 ],The Times/Sky News,GB,"2,472",21%,17%,27%,15%,11%,3%,1%,4%,6
2025,1– 3 Aug,More in Common [ 143 ],N/A,GB,"2,042",22%,18%,31%,14%,7%,3%,1%,4%,9
2025,1– 3 Aug,Freshwater Strategy [ 144 ],City AM,GB,"1,259",22%,18%,33%,14%,6%,3%,–,3%,11
2025,16 Jul – 3 Aug,Stack Data Strategy (MRP) [ 145 ] [ 146 ],Conservative Party (alleged [ c ] ),GB,"9,301",25%,16%,30%,12%,9%,3%,1%,5% Ind 3% Others 3%,5
2025,29– 31 Jul,BMG Research [ 148 ],The i Paper,GB,"1,528",23%,18%,32%,13%,8%,2%,1%,3%,9
2025,30 Jul,Find Out Now [ 149 ],N/A,GB,"2,654",20%,17%,30%,13%,10%,2%,1%,7%,10
2025,27– 28 Jul,YouGov [ 150 ],The Times/Sky News,GB,"2,208",22%,17%,29%,14%,11%,3%,1%,4%,7
2025,26– 28 Jul,More in Common [ 151 ],N/A,GB,"2,153",23%,20%,29%,13%,7%,3%,1%,5%,6
2025,23– 25 Jul,Opinium [ 152 ],The Observer,GB,"2,050",25%,17%,32%,13%,8%,3%,1%,2%,7
2025,23 Jul,Find Out Now [ 153 ],N/A,GB,"2,651",20%,16%,34%,14%,10%,3%,1%,4%,14
2025,20– 21 Jul,YouGov [ 154 ],The Times/Sky News,GB,"2,273",23%,17%,27%,15%,11%,3%,1%,3%,4
2025,18– 20 Jul,More in Common [ 155 ],N/A,GB,"2,153",22%,21%,29%,15%,8%,2%,1%,2%,7
2025,17– 18 Jul,J.L. Partners [ 156 ] [ a ],The Telegraph,GB,"2,035",23%,17%,29%,14%,9%,3%,1%,5%,6
2025,14– 18 Jul,Focaldata [ 157 ],N/A,GB,"1,271",23%,19%,27%,14%,9%,2%,1%,5%,4
2025,16 Jul,Find Out Now [ 158 ],N/A,GB,"2,603",20%,17%,30%,13%,12%,2%,1%,4%,10
2025,13– 14 Jul,YouGov [ 159 ],The Times/Sky News,GB,"2,209",22%,17%,28%,16%,12%,3%,1%,3%,6
2025,11– 14 Jul,More in Common [ 160 ],N/A,GB,"2,311",24%,20%,27%,13%,9%,3%,1%,3%,3
2025,9– 11 Jul,Opinium [ 161 ],The Observer,GB,"2,052",24%,18%,29%,13%,9%,3%,1%,3%,5
2025,9– 10 Jul,Find Out Now [ 162 ],MultiComms Ltd,GB,"1,308",21%,16%,34%,11%,11%,3%,1%,4%,13
2025,9 Jul,Find Out Now [ 164 ],N/A,GB,"2,651",22%,19%,31%,13%,9%,2%,1%,4%,9
2025,6– 7 Jul,YouGov [ 165 ],The Times/Sky News,GB,"2,513",24%,16%,26%,15%,11%,3%,1%,3%,2
2025,4– 7 Jul,More in Common [ 166 ],N/A,GB,"2,084",24%,19%,29%,14%,7%,3%,1%,3%,5
2025,4– 7 Jul,More in Common [ 167 ],N/A,GB,"2,084",25%,20%,28%,14%,7%,3%,1%,3%,3
2025,4– 6 Jul,Freshwater Strategy [ 168 ],City AM,GB,"1,259",23%,19%,31%,16%,6%,3%,–,2%,8
2025,2 Jul,Find Out Now [ 169 ],N/A,GB,"2,604",22%,16%,30%,15%,11%,3%,1%,3%,8
2025,29– 30 Jun,YouGov [ 170 ],The Times/Sky News,GB,"2,392",24%,17%,26%,16%,10%,3%,1%,2%,2
2025,27– 30 Jun,More in Common [ 171 ],N/A,GB,"2,532",24%,19%,29%,12%,9%,3%,1%,3%,5
2025,26– 30 Jun,Lord Ashcroft Polls [ 172 ] [ b ] [ a ],The Mail on Sunday [ 173 ],GB,"5,018",23%,20%,27%,11%,13%,3%,1%,3%,4
2025,13– 30 Jun,More in Common [ 174 ] (MRP),N/A,GB,"11,282",22%,21%,28%,15%,8%,3%,1%,2%,6
2025,25– 27 Jun,Opinium [ 176 ],The Observer,GB,"2,050",25%,17%,30%,12%,9%,2%,1%,3%,5
2025,25 Jun,Find Out Now [ 178 ],N/A,GB,"2,605",22%,18%,30%,13%,11%,3%,1%,2%,8
2025,24– 25 Jun,BMG Research [ 179 ],The i Paper,GB,"1,617",27%,19%,30%,12%,7%,2%,1%,2%,3
2025,22– 23 Jun,YouGov [ 180 ],The Times/Sky News,GB,"1,794",23%,17%,27%,16%,10%,3%,1%,3%,4
2025,20– 23 Jun,More in Common [ 181 ],N/A,GB,"2,004",23%,20%,27%,14%,9%,3%,1%,3%,4
2025,18 Jun,Find Out Now [ 182 ],N/A,GB,"2,628",23%,16%,31%,12%,11%,3%,1%,2%,8
2025,29 May – 18 Jun,YouGov [ 183 ],The Times/Sky News,GB,"17,227",23%,17%,27%,15%,11%,3%,1%,2%,4
2025,29 May – 18 Jun,YouGov [ 184 ] (MRP),N/A,GB,"11,500",23%,18%,26%,15%,11%,3%,1%,2%,3
2025,10– 17 Jun,Find Out Now/ Electoral Calculus [ 185 ] (MRP),PLMR,GB,"5,444",22%,19%,31%,13%,9%,3%,1%,4%,9
2025,15– 16 Jun,YouGov [ 186 ],The Times/Sky News,GB,"2,255",24%,17%,27%,15%,10%,4%,1%,2%,3
2025,13– 16 Jun,More in Common [ 187 ],N/A,GB,"2,032",21%,22%,29%,13%,9%,3%,1%,4%,7
2025,11– 13 Jun,Opinium [ 188 ],The Observer,GB,"2,050",24%,18%,30%,12%,9%,3%,1%,3%,6
2025,11 Jun,Find Out Now [ 189 ],N/A,GB,"2,651",24%,16%,30%,13%,11%,3%,1%,2%,6
2025,8– 9 Jun,YouGov [ 191 ],The Times/Sky News,GB,"2,196",23%,17%,29%,15%,10%,3%,2%,1%,6
2025,6– 9 Jun,More in Common [ 192 ],N/A,GB,"2,073",24%,20%,28%,14%,7%,3%,1%,3%,4
2025,6– 8 Jun,Freshwater Strategy [ 193 ] [ b ],City AM,GB,"1,260",21%,21%,32%,14%,8%,2%,–,2%,11
2025,4 Jun,Find Out Now [ 195 ],N/A,GB,"1,962",22%,16%,31%,15%,11%,3%,1%,2%,9
2025,30 May – 4 Jun,Ipsos [ 196 ],N/A,GB,"1,180",25%,15%,34%,11%,9%,4%,1%,1%,9
2025,1– 2 Jun,YouGov [ 197 ],The Times/Sky News,GB,"2,240",22%,18%,28%,17%,9%,3%,1%,2%,6
2025,30 May – 2 Jun,More in Common [ 198 ],N/A,GB,"2,016",23%,21%,28%,14%,8%,2%,1%,3%,5
2025,29 May – 2 Jun,Lord Ashcroft Polls [ 200 ] [ b ] [ a ],N/A,GB,"5,147",23%,18%,27%,13%,13%,2%,1%,3%,4
2025,28– 30 May,Opinium [ 201 ],The Observer,GB,"2,050",25%,17%,31%,11%,10%,2%,1%,2%,6
2025,28– 29 May,BMG Research [ 202 ],The i Paper,GB,"1,510",24%,18%,31%,13%,9%,3%,0%,2%,7
2025,28 May,Find Out Now [ 204 ],N/A,GB,"2,447",22%,16%,32%,13%,11%,3%,1%,2%,10
2025,26– 27 May,YouGov [ 205 ],The Times/Sky News,GB,"2,013",21%,19%,29%,15%,11%,2%,1%,2%,8
2025,23– 26 May,More in Common [ 206 ],N/A,GB,"2,000",22%,19%,31%,14%,8%,2%,1%,3%,9
2025,21 May,Find Out Now [ 208 ],N/A,GB,"2,501",21%,16%,32%,14%,11%,2%,1%,2%,11
2025,18– 19 May,YouGov [ 209 ],The Times/Sky News,GB,"2,222",22%,16%,29%,17%,10%,2%,1%,2%,7
2025,16– 19 May,More in Common [ 210 ],N/A,GB,"2,090",22%,21%,30%,14%,8%,2%,1%,1%,8
2025,14– 16 May,Opinium [ 211 ],The Observer,GB,"2,050",25%,18%,29%,13%,10%,2%,1%,3%,4
2025,14 May,Find Out Now [ 213 ],N/A,GB,"2,557",21%,16%,33%,14%,11%,3%,1%,2%,12
2025,11– 12 May,YouGov [ 214 ],The Times/Sky News,GB,"2,310",23%,18%,28%,16%,9%,3%,1%,3%,5
2025,10– 12 May,More in Common [ 215 ],N/A,GB,"2,094",25%,20%,28%,14%,8%,2%,1%,1%,3
2025,9– 11 May,Freshwater Strategy [ 216 ] [ b ],City AM,GB,"1,250",22%,19%,32%,15%,8%,3%,–,2%,10
2025,6– 8 May,BMG Research [ 218 ],The i Paper,GB,"1,525",22%,19%,32%,13%,9%,3%,0%,2%,10
2025,7 May,Find Out Now [ 219 ],N/A,GB,"2,210",20%,16%,33%,15%,11%,3%,1%,1%,13
2025,5– 6 May,YouGov [ 220 ],The Times/Sky News,GB,"2,187",22%,17%,29%,16%,10%,3%,1%,1%,7
2025,3– 4 May,More in Common [ 222 ],N/A,GB,"2,212",23%,21%,27%,15%,8%,3%,1%,3%,4
2025,30 Apr – 2 May,Opinium [ 223 ],The Observer,GB,"2,050",26%,19%,27%,13%,9%,3%,1%,2%,1
2025,30 Apr,Find Out Now [ 225 ],N/A,GB,"1,990",21%,19%,29%,13%,11%,3%,1%,3%,8
2025,27– 28 Apr,YouGov [ 226 ],The Times/Sky News,GB,"2,214",23%,20%,26%,15%,9%,3%,1%,2%,3
2025,25– 27 Apr,More in Common [ 227 ],N/A,GB,"2,009",24%,23%,24%,15%,8%,2%,1%,4%,Tie
2025,23– 25 Apr,Opinium [ 228 ],The Observer,GB,"2,050",26%,21%,26%,11%,9%,3%,1%,2%,Tie
2025,23 Apr,Find Out Now [ 230 ],N/A,GB,"2,139",20%,20%,28%,14%,13%,3%,0%,2%,8
2025,21– 22 Apr,YouGov [ 231 ],The Times/Sky News,GB,"2,012",23%,20%,25%,16%,10%,3%,1%,2%,2
2025,17– 21 Apr,More in Common [ 232 ],N/A,GB,"2,004",23%,23%,25%,14%,8%,3%,1%,4%,2
2025,16 Apr,Find Out Now [ 233 ],N/A,GB,"2,288",22%,20%,28%,14%,10%,3%,1%,3%,6
2025,13– 14 Apr,YouGov [ 234 ],The Times/Sky News,GB,"2,399",24%,21%,23%,14%,11%,3%,1%,2%,1
2025,11– 14 Apr,More in Common [ 235 ],N/A,GB,"2,277",24%,23%,24%,14%,8%,3%,1%,4%,Tie
2025,11– 14 Apr,Focaldata [ 236 ],N/A,GB,"1,585",24%,24%,23%,13%,9%,2%,1%,4%,Tie
2025,10– 14 Apr,Lord Ashcroft Polls [ 237 ] [ b ] [ a ],N/A,GB,"5,263",27%,24%,21%,10%,11%,3%,1%,3%,3
2025,8– 14 Apr,Verian [ 238 ],N/A,GB,"1,285",25%,19%,24%,16%,9%,3%,2%,3%,1
2025,9– 11 Apr,Opinium [ 239 ],The Observer,GB,"2,050",27%,22%,26%,12%,7%,3%,1%,3%,1
2025,9 Apr,Find Out Now [ 241 ],N/A,GB,"2,546",22%,21%,26%,14%,11%,3%,1%,3%,4
2025,6– 7 Apr,YouGov [ 242 ],The Times/Sky News,GB,"2,402",24%,22%,23%,17%,9%,3%,1%,2%,1
2025,4– 7 Apr,More in Common [ 243 ],N/A,GB,"2,058",24%,23%,24%,17%,7%,2%,0%,1%,Tie
2025,4– 6 Apr,Freshwater Strategy [ 244 ] [ b ],City AM,GB,"1,250",22%,27%,28%,14%,5%,2%,–,3%,1
2025,2 Apr,Find Out Now [ 246 ],N/A,GB,"2,768",22%,20%,28%,13%,11%,3%,1%,3%,6
2025,14 Mar – 1 Apr,More in Common (MRP) [ 247 ],N/A,GB,"16,176",25%,24%,24%,13%,8%,2%,1%,4%,1
2025,30– 31 Mar,YouGov [ 248 ],The Times/Sky News,GB,"2,392",24%,21%,23%,14%,11%,3%,1%,3%,1
2025,28– 31 Mar,More in Common [ 249 ],N/A,GB,"2,081",21%,26%,25%,13%,7%,2%,1%,4%,1
2025,26– 28 Mar,Opinium [ 250 ],The Observer,GB,"2,050",26%,22%,26%,12%,8%,3%,1%,2%,Tie
2025,21– 28 Mar,Find Out Now/ Electoral Calculus [ 251 ] (MRP),PLMR [ 252 ],GB,"5,180",24%,22%,27%,12%,10%,3%,1%,3%,3
2025,26– 27 Mar,BMG Research [ 253 ],The i Paper [ 254 ],GB,"1,544",26%,24%,23%,14%,8%,3%,1%,1%,2
2025,26 Mar,Find Out Now [ 256 ],N/A,GB,"2,745",23%,22%,26%,12%,11%,3%,1%,2%,3
2025,23– 24 Mar,YouGov [ 257 ],The Times/Sky News,GB,"2,333",23%,22%,22%,16%,10%,3%,1%,3%,1
2025,22– 24 Mar,More in Common [ 258 ],N/A,GB,"2,432",24%,25%,24%,12%,10%,3%,1%,3%,1
2025,19– 21 Mar,Opinium [ 259 ],The Observer,GB,"2,078",26%,21%,26%,13%,8%,3%,1%,3%,Tie
2025,19 Mar,Find Out Now [ 261 ],N/A,GB,"2,770",22%,21%,27%,14%,11%,3%,1%,2%,5
2025,16– 17 Mar,YouGov [ 262 ],The Times/Sky News,GB,"2,315",26%,22%,24%,14%,9%,3%,1%,2%,2
2025,14– 17 Mar,Deltapoll [ 263 ],N/A,GB,"1,974",25%,25%,23%,11%,9%,3%,1%,2%,Tie
2025,14– 17 Mar,More in Common [ 264 ],N/A,GB,"2,432",25%,24%,25%,12%,7%,2%,1%,4%,Tie
2025,13– 17 Mar,Lord Ashcroft Polls [ 265 ] [ b ] [ a ],N/A,GB,"5,111",30%,24%,19%,9%,11%,2%,1%,4%,6
2025,12 Mar,Find Out Now [ 267 ],N/A,GB,"2,686",24%,21%,27%,11%,10%,3%,1%,2%,3
2025,9– 10 Mar,YouGov [ 268 ],The Times/Sky News,GB,"2,291",24%,22%,23%,15%,9%,3%,1%,3%,1
2025,7– 10 Mar,More in Common [ 269 ],N/A,GB,"2,041",25%,23%,25%,14%,8%,2%,1%,2%,Tie
2025,6– 9 Mar,J.L. Partners [ 270 ],The Sun,GB,"2,012",26%,24%,23%,14%,7%,3%,1%,3%,2
2025,5– 7 Mar,Opinium [ 271 ],The Observer,GB,"1,498",28%,20%,27%,12%,8%,3%,1%,2%,1
2025,5 Mar,Find Out Now [ 273 ],N/A,GB,"2,670",25%,21%,26%,12%,10%,3%,1%,2%,1
2025,2– 3 Mar,YouGov [ 274 ],The Times,GB,"2,222",26%,21%,25%,14%,9%,3%,1%,2%,1
2025,1– 2 Mar,Freshwater Strategy [ 275 ] [ b ],City AM,GB,"1,215",24%,23%,27%,15%,7%,3%,–,2%,3
2025,28 Feb – 2 Mar,More in Common [ 276 ],N/A,GB,"2,010",26%,24%,24%,13%,7%,2%,1%,2%,2
2025,26– 28 Feb,Focaldata [ 277 ],N/A,GB,"1,008",24%,22%,21%,14%,8%,3%,1%,5%,2
2025,26 Feb,Find Out Now [ 279 ],N/A,GB,"3,363",23%,21%,28%,13%,10%,3%,1%,1%,5
2025,25– 26 Feb,BMG Research [ 280 ],The i Paper,GB,"1,586",26%,22%,27%,12%,8%,3%,1%,1%,1
2025,23– 24 Feb,YouGov [ 281 ],Sky News / The Times,GB,"2,415",24%,22%,25%,16%,8%,3%,1%,2%,1
2025,21– 24 Feb,More in Common [ 282 ],N/A,GB,"2,013",23%,25%,24%,16%,8%,2%,0%,2%,1
2025,19– 21 Feb,Opinium [ 283 ],The Observer,GB,"2,050",28%,21%,26%,12%,8%,3%,0%,2%,2
2025,19 Feb,Find Out Now [ 285 ],N/A,GB,"2,393",24%,20%,28%,12%,10%,2%,1%,2%,4
2025,14– 18 Feb,More in Common [ 286 ],N/A,GB,"4,101",25%,23%,26%,12%,7%,2%,1%,3%,1
2025,16– 17 Feb,YouGov [ 287 ],N/A,GB,"2,436",25%,21%,27%,14%,9%,3%,1%,1%,2
2025,13– 17 Feb,Lord Ashcroft Polls [ 288 ] [ b ] [ a ],N/A,GB,"5,099",27%,23%,23%,9%,11%,2%,1%,3%,4
2025,12 Feb,Find Out Now [ 290 ],N/A,GB,"3,421",23%,21%,29%,12%,9%,3%,1%,2%,6
2025,9– 10 Feb,YouGov [ 291 ],N/A,GB,"2,419",25%,21%,26%,14%,9%,3%,1%,1%,1
2025,7– 10 Feb,More in Common [ 292 ],N/A,GB,"2,005",25%,23%,25%,12%,8%,2%,1%,3%,Tie
2025,5– 7 Feb,Opinium [ 293 ],The Observer,GB,"1,493",27%,22%,26%,11%,8%,3%,1%,2%,1
2025,5 Feb,Find Out Now [ 295 ],N/A,GB,"2,487",25%,18%,29%,13%,10%,3%,1%,2%,4
2025,2– 3 Feb,YouGov [ 296 ],Sky News [ 297 ],GB,"2,465",24%,21%,25%,14%,9%,3%,1%,2%,1
2025,31 Jan – 3 Feb,More in Common [ 298 ],N/A,GB,"2,044",24%,26%,24%,13%,6%,3%,1%,3%,2
2025,31 Jan – 2 Feb,Freshwater Strategy [ 299 ] [ b ],City AM,GB,"1,200",29%,28%,22%,9%,7%,3%,–,2%,1
2025,29 Jan,Find Out Now [ 301 ],N/A,GB,"2,487",23%,21%,27%,11%,10%,3%,1%,3%,4
2025,28– 29 Jan,BMG Research [ 302 ],The i Paper,GB,"1,514",25%,25%,24%,14%,8%,3%,1%,1%,Tie
2025,26– 27 Jan,YouGov [ 304 ],The Times,GB,"2,523",27%,22%,23%,14%,9%,3%,1%,2%,4
2025,24– 27 Jan,More in Common [ 305 ],N/A,GB,"2,009",25%,24%,25%,13%,7%,2%,1%,3%,Tie
2025,22– 29 Jan,Find Out Now/ Electoral Calculus [ 306 ] (MRP),PLMR,GB,"5,743",23%,23%,24%,11%,8%,3%,1%,6%,1
2025,22– 24 Jan,Opinium [ 307 ],The Observer,GB,"2,050",28%,21%,27%,11%,8%,3%,1%,2%,1
2025,22– 23 Jan,Whitestone Insight [ 308 ],Daily Express,GB,"2,012",25%,20%,24%,12%,13%,3%,1%,2%,1
2025,22 Jan,Find Out Now [ 310 ],N/A,GB,"2,380",22%,23%,26%,12%,10%,3%,1%,3%,3
2025,19– 20 Jan,YouGov [ 311 ],The Times,GB,"2,466",26%,22%,24%,14%,9%,3%,1%,2%,2
2025,17– 20 Jan,More in Common [ 312 ],N/A,GB,"2,016",24%,25%,25%,12%,7%,3%,1%,3%,Tie
2025,17– 20 Jan,Deltapoll [ 313 ],Institute for Government,GB,"1,500",29%,25%,22%,11%,8%,3%,–,2%,4
2025,16– 20 Jan,Lord Ashcroft Polls [ 314 ] [ b ] [ a ],N/A,GB,"5,251",28%,25%,20%,11%,9%,3%,0%,3%,3
2025,15 Jan,Find Out Now [ 316 ],N/A,GB,"2,386",24%,25%,25%,12%,10%,3%,1%,2%,Tie
2025,10– 14 Jan,J.L. Partners [ 317 ],The Sunday Times,GB,"2,007",26%,25%,22%,13%,9%,2%,1%,3%,1
2025,12– 13 Jan,YouGov [ 318 ],The Times,GB,"2,279",26%,22%,25%,14%,8%,3%,1%,2%,1
2025,10– 13 Jan,More in Common [ 319 ],N/A,GB,"1,587",24%,25%,24%,12%,8%,3%,1%,3%,1
2025,8– 10 Jan,Opinium [ 320 ],The Observer,GB,"2,050",29%,23%,24%,10%,9%,2%,1%,2%,5
2025,8 Jan,Find Out Now [ 321 ],N/A,GB,"2,076",25%,20%,25%,11%,11%,3%,1%,2%,Tie
2025,6– 8 Jan,More in Common [ 322 ],N/A,GB,"2,011",26%,26%,22%,12%,7%,3%,1%,2%,Tie
2025,4– 6 Jan,Freshwater Strategy [ 323 ] [ b ],City AM,GB,"1,207",28%,29%,23%,12%,5%,3%,–,1%,1
2025,30 Dec – 3 Jan,Deltapoll [ 324 ],Mail on Sunday,GB,"1,532",30%,23%,22%,12%,9%,3%,1%,1%,7
2024,19– 23 Dec,Deltapoll [ 325 ],The Mirror,GB,"1,552",29%,25%,21%,12%,8%,4%,0%,1%,4
2024,18– 20 Dec,Opinium [ 326 ],The Observer,GB,"1,472",29%,23%,22%,11%,10%,3%,1%,2%,6
2024,11 Dec,Find Out Now [ 330 ],N/A,GB,"2,659",26%,23%,25%,11%,9%,3%,1%,2%,1
2024,6– 10 Dec,More in Common [ 331 ],N/A,GB,"2,432",26%,26%,19%,13%,8%,3%,1%,4%,Tie
2024,6– 9 Dec,Stonehaven [ 332 ] (MRP),N/A,GB,"2,072",28%,24%,21%,13%,8%,3%,1%,2%,4
2024,4 Dec,Find Out Now [ 334 ],N/A,GB,"2,607",23%,26%,24%,11%,9%,3%,1%,2%,2
2024,29 Nov – 2 Dec,More in Common [ 335 ],N/A,GB,"2,002",26%,28%,21%,13%,7%,3%,1%,2%,2
2024,27– 29 Nov,Opinium [ 336 ],The Observer,GB,"2,050",29%,25%,21%,10%,9%,3%,1%,2%,4
2024,27 Nov,Find Out Now [ 338 ],N/A,GB,"2,316",25%,27%,22%,12%,9%,3%,1%,2%,2
2024,26– 27 Nov,BMG Research [ 339 ],The i Paper,GB,"1,531",29%,27%,20%,12%,7%,3%,0%,2%,2
2024,26– 27 Nov,More in Common [ 340 ],N/A,GB,"1,972",27%,30%,18%,12%,8%,2%,1%,2%,3
2024,19– 21 Nov,More in Common [ 342 ],N/A,GB,"2,002",25%,28%,19%,13%,8%,3%,1%,3%,3
2024,14– 18 Nov,Deltapoll [ 343 ],N/A,GB,"1,749",29%,27%,18%,12%,8%,4%,1%,1%,2
2024,13– 14 Nov,J.L. Partners [ 344 ],The Sun / Politico,GB,"2,024",27%,26%,20%,12%,9%,3%,–,3%,1
2024,13– 14 Nov,Techne [ 345 ],N/A,GB,"1,643",28%,27%,17%,13%,7%,2%,–,6%,1
2024,11– 13 Nov,Opinium [ 346 ],The Observer,GB,"1,646",30%,24%,21%,12%,8%,3%,1%,1%,6
2024,8– 11 Nov,More in Common [ 347 ],N/A,GB,"2,007",27%,29%,19%,11%,8%,2%,1%,4%,2
2024,31 Oct – 16 Dec,More in Common [ 349 ] (MRP),N/A,GB,"11,024",25%,26%,21%,14%,8%,2%,1%,3%,1
2024,30 Oct – 1 Nov,More in Common [ 350 ],N/A,GB,"2,007",28%,26%,18%,14%,8%,3%,1%,3%,2
2024,30– 31 Oct,Opinium [ 351 ],The Observer,GB,"1,548",31%,24%,20%,10%,10%,2%,0%,3%,7
2024,30– 31 Oct,BMG Research [ 352 ],The i Paper,GB,"1,511",28%,29%,17%,13%,8%,2%,1%,2%,1
2024,16– 18 Oct,Opinium [ 355 ],The Observer,GB,"1,565",31%,24%,20%,12%,8%,2%,1%,2%,7
2024,11– 13 Oct,J.L. Partners [ 357 ],The Telegraph,GB,"2,000",29%,25%,19%,14%,7%,2%,1%,2%,4
2024,9– 10 Oct,More in Common [ 359 ],The Times,GB,"2,000",27%,27%,21%,13%,7%,2%,1%,1%,Tie
2024,5– 7 Oct,More in Common [ 360 ],Politico,GB,"2,023",29%,28%,19%,11%,7%,2%,0%,3%,1
2024,4– 7 Oct,Deltapoll [ 361 ],N/A,GB,"2,108",29%,25%,18%,14%,8%,4%,1%,1%,4
2024,2– 4 Oct,Opinium [ 362 ],The Observer,GB,"1,491",31%,24%,20%,11%,8%,3%,–,2%,7
2024,2– 3 Oct,BMG Research [ 363 ],i,GB,"1,562",30%,25%,20%,13%,7%,3%,0%,1%,5
2024,24– 25 Sep,More in Common [ 366 ],N/A,GB,"2,080",30%,26%,18%,13%,8%,3%,1%,2%,4
2024,18– 23 Sep,Verian [ 367 ],N/A,GB,"1,258",31%,26%,17%,13%,7%,2%,1%,2%,5
2024,10– 12 Sep,More in Common [ 369 ],Politico,GB,"1,542",29%,25%,18%,14%,8%,3%,1%,4%,4
2024,29 Aug,BMG Research [ 370 ],i,GB,"1,560",30%,26%,19%,12%,8%,3%,1%,2%,4
2024,7– 8 Aug,We Think [ 371 ],N/A,GB,"1,278",33%,20%,21%,11%,8%,3%,1%,4%,12
2024,5– 7 Aug,BMG Research [ 372 ],i,GB,"1,523",33%,24%,18%,12%,8%,2%,0%,2%,9
2024,30 Jul – 5 Aug,Stonehaven [ 373 ] [ a ],N/A,GB,"2,048",32%,21%,16%,11%,9%,2%,1%,7%,11
2024,25– 26 Jul,We Think [ 374 ],N/A,GB,"2,012",36%,22%,17%,11%,7%,2%,1%,4%,14
2024,11– 12 Jul,We Think [ 375 ],N/A,GB,"2,005",39%,20%,16%,11%,9%,2%,–,3%,19
